<?xml version="1.0" encoding="UTF-8" standalone="no"?>
<Contacts>
<Contact>
<First_Name>Edward</First_Name>
<Last_Name>Seabrook</Last_Name>
<Email_Address>ejfs1g10@ecs.soton.ac.uk</Email_Address>
</Contact>
<Contact>
<First_Name>Brian</First_Name>
<Last_Name>Yu</Last_Name>
<Email_Address>by2g10@ecs.soton.ac.uk</Email_Address>
</Contact>
<Contact>
<First_Name>Sasan</First_Name>
<Last_Name>Maleki</Last_Name>
<Email_Address>sm9g09@ecs.soton.ac.uk</Email_Address>
</Contact>
<Contact>
<First_Name>Oscar</First_Name>
<Last_Name>Mariani</Last_Name>
<Email_Address>mariani.oscar@gmail.com</Email_Address>
</Contact>
<Contact>
<First_Name>Kristian</First_Name>
<Last_Name>Elliott</Last_Name>
<Email_Address>ke1g10@ecs.soton.ac.uk</Email_Address>
</Contact>
</Contacts>
