<?xml version="1.0" encoding="UTF-8" standalone="no"?>
<Airport>
<Airport_Name>London Gatwick - LGW EGKK</Airport_Name>
<PhysicalRunway>
<Name>08L/26R</Name>
<RESA>240.0</RESA>
<Stopway>60.0</Stopway>
<Blast_Allowance>300.0</Blast_Allowance>
<Runway_Strip_Width>150.0</Runway_Strip_Width>
<Clear_And_Graded_Width>75.0</Clear_And_Graded_Width>
<Distance_Away_From_Threshold>0.0</Distance_Away_From_Threshold>
<Distance_Away_From_Centerline>0.0</Distance_Away_From_Centerline>
<Angle_Of_Slope>50.0</Angle_Of_Slope>
<Runway>
<RunwayName>08L</RunwayName>
<TORA>2565.0</TORA>
<ASDA>2565.0</ASDA>
<TODA>3040.0</TODA>
<LDA>2243.0</LDA>
<DisplacedThreshold>321.0</DisplacedThreshold>
</Runway>
<Runway>
<RunwayName>26R</RunwayName>
<TORA>2565.0</TORA>
<ASDA>2565.0</ASDA>
<TODA>2703.0</TODA>
<LDA>2148.0</LDA>
<DisplacedThreshold>416.0</DisplacedThreshold>
</Runway>
</PhysicalRunway>
<PhysicalRunway>
<Name>08R/26L</Name>
<RESA>240.0</RESA>
<Stopway>60.0</Stopway>
<Blast_Allowance>300.0</Blast_Allowance>
<Runway_Strip_Width>150.0</Runway_Strip_Width>
<Clear_And_Graded_Width>75.0</Clear_And_Graded_Width>
<Distance_Away_From_Threshold>0.0</Distance_Away_From_Threshold>
<Distance_Away_From_Centerline>0.0</Distance_Away_From_Centerline>
<Angle_Of_Slope>50.0</Angle_Of_Slope>
<Runway>
<RunwayName>08R</RunwayName>
<TORA>3159.0</TORA>
<ASDA>3233.0</ASDA>
<TODA>3311.0</TODA>
<LDA>2766.0</LDA>
<DisplacedThreshold>393.0</DisplacedThreshold>
</Runway>
<Runway>
<RunwayName>26L</RunwayName>
<TORA>3255.0</TORA>
<ASDA>3316.0</ASDA>
<TODA>3407.0</TODA>
<LDA>2831.0</LDA>
<DisplacedThreshold>268.0</DisplacedThreshold>
</Runway>
</PhysicalRunway>
</Airport>
