<?xml version="1.0" encoding="UTF-8" standalone="no"?>
<Airport>
<Airport_Name>Heathrow</Airport_Name>
<PhysicalRunway>
<Name>09L/27R</Name>
<RESA>240.0</RESA>
<Stopway>60.0</Stopway>
<Blast_Allowance>300.0</Blast_Allowance>
<Runway_Strip_Width>150.0</Runway_Strip_Width>
<Clear_And_Graded_Width>75.0</Clear_And_Graded_Width>
<Distance_Away_From_Threshold>0.0</Distance_Away_From_Threshold>
<Distance_Away_From_Centerline>0.0</Distance_Away_From_Centerline>
<Angle_Of_Slope>50.0</Angle_Of_Slope>
<Runway>
<RunwayName>09L</RunwayName>
<TORA>3902.0</TORA>
<ASDA>3902.0</ASDA>
<TODA>3902.0</TODA>
<LDA>3595.0</LDA>
<DisplacedThreshold>306.0</DisplacedThreshold>
</Runway>
<Runway>
<RunwayName>27R</RunwayName>
<TORA>3884.0</TORA>
<ASDA>3884.0</ASDA>
<TODA>3962.0</TODA>
<LDA>3884.0</LDA>
<DisplacedThreshold>0.0</DisplacedThreshold>
</Runway>
</PhysicalRunway>
<PhysicalRunway>
<Name>09R/27L</Name>
<RESA>240.0</RESA>
<Stopway>60.0</Stopway>
<Blast_Allowance>300.0</Blast_Allowance>
<Runway_Strip_Width>150.0</Runway_Strip_Width>
<Clear_And_Graded_Width>75.0</Clear_And_Graded_Width>
<Distance_Away_From_Threshold>0.0</Distance_Away_From_Threshold>
<Distance_Away_From_Centerline>0.0</Distance_Away_From_Centerline>
<Angle_Of_Slope>50.0</Angle_Of_Slope>
<Runway>
<RunwayName>09R</RunwayName>
<TORA>3658.0</TORA>
<ASDA>3658.0</ASDA>
<TODA>3658.0</TODA>
<LDA>3353.0</LDA>
<DisplacedThreshold>307.0</DisplacedThreshold>
</Runway>
<Runway>
<RunwayName>27L</RunwayName>
<TORA>3658.0</TORA>
<ASDA>3658.0</ASDA>
<TODA>3658.0</TODA>
<LDA>3658.0</LDA>
<DisplacedThreshold>0.0</DisplacedThreshold>
</Runway>
</PhysicalRunway>
</Airport>
