<?xml version="1.0" encoding="UTF-8" standalone="no"?>
<Airport>
<Airport_Name>London Luton - LTN EGGW</Airport_Name>
<PhysicalRunway>
<Name>08/26</Name>
<RESA>240.0</RESA>
<Stopway>60.0</Stopway>
<Blast_Allowance>300.0</Blast_Allowance>
<Runway_Strip_Width>150.0</Runway_Strip_Width>
<Clear_And_Graded_Width>75.0</Clear_And_Graded_Width>
<Distance_Away_From_Threshold>0.0</Distance_Away_From_Threshold>
<Distance_Away_From_Centerline>0.0</Distance_Away_From_Centerline>
<Angle_Of_Slope>50.0</Angle_Of_Slope>
<Runway>
<RunwayName>08</RunwayName>
<TORA>2160.0</TORA>
<ASDA>2160.0</ASDA>
<TODA>3240.0</TODA>
<LDA>2160.0</LDA>
<DisplacedThreshold>0.0</DisplacedThreshold>
</Runway>
<Runway>
<RunwayName>26</RunwayName>
<TORA>2160.0</TORA>
<ASDA>2221.0</ASDA>
<TODA>3240.0</TODA>
<LDA>2075.0</LDA>
<DisplacedThreshold>85.0</DisplacedThreshold>
</Runway>
</PhysicalRunway>
</Airport>
