<?xml version="1.0" encoding="UTF-8" standalone="no"?>
<Airport>
<Airport_Name>Manchester - MAN EGCC</Airport_Name>
<PhysicalRunway>
<Name>06L/24R</Name>
<RESA>240.0</RESA>
<Stopway>60.0</Stopway>
<Blast_Allowance>300.0</Blast_Allowance>
<Runway_Strip_Width>150.0</Runway_Strip_Width>
<Clear_And_Graded_Width>75.0</Clear_And_Graded_Width>
<Distance_Away_From_Threshold>0.0</Distance_Away_From_Threshold>
<Distance_Away_From_Centerline>0.0</Distance_Away_From_Centerline>
<Angle_Of_Slope>50.0</Angle_Of_Slope>
<Runway>
<RunwayName>06L</RunwayName>
<TORA>3015.0</TORA>
<ASDA>3015.0</ASDA>
<TODA>3245.0</TODA>
<LDA>2588.0</LDA>
<DisplacedThreshold>427.0</DisplacedThreshold>
</Runway>
<Runway>
<RunwayName>24R</RunwayName>
<TORA>2897.0</TORA>
<ASDA>2897.0</ASDA>
<TODA>3200.0</TODA>
<LDA>2714.0</LDA>
<DisplacedThreshold>183.0</DisplacedThreshold>
</Runway>
</PhysicalRunway>
<PhysicalRunway>
<Name>06R/24L</Name>
<RESA>240.0</RESA>
<Stopway>60.0</Stopway>
<Blast_Allowance>300.0</Blast_Allowance>
<Runway_Strip_Width>150.0</Runway_Strip_Width>
<Clear_And_Graded_Width>75.0</Clear_And_Graded_Width>
<Distance_Away_From_Threshold>400.0</Distance_Away_From_Threshold>
<Distance_Away_From_Centerline>20.0</Distance_Away_From_Centerline>
<Angle_Of_Slope>50.0</Angle_Of_Slope>
<Runway>
<RunwayName>06R</RunwayName>
<TORA>3047.0</TORA>
<ASDA>3047.0</ASDA>
<TODA>3347.0</TODA>
<LDA>2864.0</LDA>
<DisplacedThreshold>184.0</DisplacedThreshold>
</Runway>
<Runway>
<RunwayName>24L</RunwayName>
<TORA>3200.0</TORA>
<ASDA>3200.0</ASDA>
<TODA>3500.0</TODA>
<LDA>2864.0</LDA>
<DisplacedThreshold>184.0</DisplacedThreshold>
</Runway>
</PhysicalRunway>
</Airport>
